id,name,location,rating,dish_name,available_quantity
1,Centizu,Lamoso,4.1,Cabbage Roll,99
2,Quatz,Eloy Alfaro,0.7,"Shrimp - Baby, Warm Water",52
3,Topdrive,Ujungpangkah,4.7,"Crab - Back Fin Meat, Canned",63
4,Yoveo,Kveda Chkhorots’q’u,2.2,Bar Bran Honey Nut,23
5,Demivee,Žeravice,2.0,Flower - Commercial Bronze,77
6,Voonte,Yuanqian,3.6,Soup - Campbells - Chicken Noodle,6
7,Tanoodle,Aranyaprathet,2.4,Plate Pie Foil,0
8,Yambee,Yanagawamachi-saiwaichō,1.3,"Wine - Sherry Dry Sack, William",73
9,Tazzy,Zlataritsa,2.6,Cookies Oatmeal Raisin,73
10,Edgeify,Świdwin,3.7,Tea - Jasmin Green,16
11,Wikibox,Nafada,2.8,"Napkin - Dinner, White",82
12,Rooxo,Podbuzh,4.3,Chocolate - Milk,95
13,Skipfire,Maroanging,1.9,Mountain Dew,84
14,Skipfire,Sulahan,0.8,Cheese - Feta,11
15,Katz,Llorente,0.5,Basil - Seedlings Cookstown,90
16,Yakitri,Poitiers,4.7,Milk - Buttermilk,29
17,Browsetype,Wiphawadi,3.2,Pork - Backs - Boneless,29
18,Gabvine,Shuishaping,3.3,Dry Ice,30
19,Edgewire,Włocławek,0.3,Ocean Spray - Ruby Red,80
20,Devify,Sumberkemuning,3.9,Pork - Hock And Feet Attached,98
21,Photofeed,Krupka,2.4,Cheese - Cheddar With Claret,37
22,Twitterbeat,Klumpit,3.6,"Nut - Pistachio, Shelled",93
23,Twitterwire,Oakland,4.6,Cabbage - Green,13
24,Jaxspan,Turpo,2.2,"Juice - Grape, White",7
25,Flipstorm,Cochrane,1.5,Garam Masala Powder,42
26,Oyope,Yancheng,4.7,Straws - Cocktale,11
27,Topdrive,Bradashesh,4.7,Flour - Whole Wheat,44
28,Topicblab,Lingcheng,1.9,Cheese - Cheddarsliced,49
29,Zoonder,Panay,0.1,"Champagne - Brights, Dry",23
30,Mudo,Gemuruh,0.1,Wine - Pinot Noir Mondavi Coastal,21
31,Edgeify,Nakatsugawa,3.4,Sage - Fresh,67
32,Tagopia,Guazapa,1.0,Neckerchief Blck,82
33,Riffpath,Haylaastay,0.5,Apple - Fuji,36
34,Quinu,Pagersari,3.3,Mousse - Mango,90
35,Brainverse,Xindeng,2.6,Butter - Salted,29
36,Riffpedia,Lisków,0.1,"Turnip - White, Organic",75
37,Snaptags,Kamphaeng Phet,3.3,Daves Island Stinger,84
38,Yacero,Lugui,0.2,Pants Custom Dry Clean,24
39,Omba,Pukë,2.6,Devonshire Cream,43
40,Dablist,Oslo,4.0,"Stock - Veal, White",96
41,Fivechat,Touzao,3.4,Gelatine Powder,3
42,Wordify,Valle San Francisco,3.1,Yucca,45
43,Lazzy,Qianzhou,1.3,Oil - Canola,5
44,Meevee,Soasio,0.9,Rice - Sushi,30
45,Zoozzy,Xo’jayli Shahri,4.3,Paste - Black Olive,44
46,Skinte,Jan Kempdorp,2.6,Fish - Bones,35
47,Realcube,Gijon,1.8,"Pepper - Green, Chili",55
48,Tekfly,Dowan,3.8,Soup - Campbells Beef Strogonoff,71
49,Roombo,Aguada de Pasajeros,3.4,Puree - Pear,42
50,Cogilith,Añatuya,4.5,Marjoram - Fresh,27
51,Flipopia,Zhouji,0.7,Pasta - Cheese / Spinach Bauletti,73
52,Mynte,Medang,4.8,Transfer Sheets,19
53,Blognation,Pengandonan,1.1,Chocolate - Feathers,74
54,Oloo,Erada,0.6,Chocolate - Sugar Free Semi Choc,14
55,Skyble,Potelych,3.0,"Lemonade - Natural, 591 Ml",31
56,Aibox,Fresnes,4.8,Fuji Apples,62
57,Jetpulse,Kyzylorda,2.9,"Juice - Apple, 500 Ml",11
58,Buzzster,Birao,2.0,Bread - Granary Small Pull,13
59,Topicshots,Uchkulan,0.2,"Pork - Loin, Center Cut",30
60,Fivebridge,Napoles,4.9,Water - Tonic,40
61,Edgewire,El Sauce,3.0,Quinoa,51
62,Centizu,Matola,2.4,Calypso - Lemonade,46
63,DabZ,Edéa,2.8,Sole - Fillet,92
64,Latz,Penisihan,4.7,Ecolab - Balanced Fusion,74
65,Yabox,La Motte-Servolex,2.9,"Napkin - Dinner, White",77
66,Rhycero,Cikulahan,2.0,"Veal - Brisket, Provimi,bnls",95
67,Twinder,Mixco,1.3,"Sauce - Black Current, Dry Mix",70
68,Livetube,Ozerne,2.8,Bag Stand,5
69,Geba,Quatá,0.1,Foie Gras,83
70,Tazzy,Skuhrov nad Bělou,4.9,Fond - Chocolate,35
71,Demimbu,Smínthi,4.5,Wine - Vidal Icewine Magnotta,21
72,Gigabox,Bender,1.0,Pepper - Green Thai,25
73,Zava,Cristalina,4.4,Flower - Dish Garden,42
74,Ntags,Araxá,2.1,General Purpose Trigger,94
75,Tanoodle,Guicheng,1.1,Wine - Ruffino Chianti,50
76,Jatri,Emiliano Zapata,4.9,Coffee - Decaffeinato Coffee,71
77,Topdrive,Pacho,4.8,"Lemonade - Island Tea, 591 Ml",9
78,Quinu,Oslo,4.4,"Chocolate - Semi Sweet, Calets",11
79,Wikibox,Gandara,0.7,Wine La Vielle Ferme Cote Du,43
80,Linktype,San Antonio,1.2,Chocolate Bar - Reese Pieces,81
81,Youfeed,Sharm el-Sheikh,0.5,Sambuca - Opal Nera,33
82,Quinu,Luojiang,1.6,Duck - Whole,17
83,Brightbean,Vesëlyy,3.4,"Juice - Pineapple, 48 Oz",0
84,Edgepulse,Nicoya,0.8,"Mushroom - Trumpet, Dry",58
85,Leenti,Shnogh,1.7,Pork - Backfat,63
86,Wikivu,Āgaro,0.7,Coffee - Almond Amaretto,16
87,Twitterbridge,Rudniki,3.0,Rabbit - Whole,61
88,Photolist,Koani Ndogo,2.4,Beer - Original Organic Lager,96
89,Mydeo,Jenzan,0.4,"Lamb - Pieces, Diced",38
90,Brainbox,Ciénaga,3.2,Veal - Slab Bacon,94
91,Yotz,Az̧ Z̧a‘āyin,4.6,Straw - Regular,28
92,Kare,Nyūzen,3.6,"Juice - Tomato, 48 Oz",74
93,Meezzy,Osveya,1.5,Veal - Inside,39
94,Voonder,Citambal,0.8,"Syrup - Monin, Irish Cream",99
95,Skibox,Paôy Pêt,0.5,Flower - Potmums,95
96,Gevee,Famões,1.9,Muffin Mix - Morning Glory,34
97,Dabshots,Lemahputih,1.6,Soup - Campbellschix Stew,20
98,Dazzlesphere,Piraí do Sul,1.5,Cake - Mini Cheesecake,94
99,Teklist,Yaizu,4.8,Tequila Rose Cream Liquor,19
100,Eire,Blagodatnoye,4.5,Dasheen,24
101,Kwideo,Íquira,1.0,Fib N9 - Prague Powder,14
102,Cogibox,Bāfq,3.9,Aromat Spice / Seasoning,81
103,Jazzy,Oleksandriya,1.3,Extract - Rum,53
104,Dynabox,Kebon,5.0,"Beans - Turtle, Black, Dry",0
105,Skaboo,Gulyantsi,4.9,Tea - Mint,12
106,Oyonder,Eloúnda,4.4,Coffee - Irish Cream,34
107,Thoughtbeat,Palmdale,2.9,Tomatoes - Orange,88
108,Aibox,Hitiaa,1.3,Food Colouring - Pink,43
109,Jabbersphere,Huitong,0.9,"Coke - Diet, 355 Ml",78
110,Mita,Danchang,1.0,Squeeze Bottle,33
111,Miboo,Jiekou,0.2,Creamers - 10%,15
112,Yadel,Rio de Janeiro,4.3,Cake - Night And Day Choclate,33
113,Yabox,Tomaszów Lubelski,4.1,Broom - Angled,40
114,Livetube,Kyrenia,4.7,Wine - Fat Bastard Merlot,12
115,Flashpoint,Dragash,3.0,Rabbit - Whole,91
116,Voonix,Sosnovka,1.9,Lamb Leg - Bone - In Nz,17
117,Voonte,Kalunan,2.9,Longos - Grilled Salmon With Bbq,62
118,Thoughtmix,Ujae,0.4,Mix - Cocktail Strawberry Daiquiri,8
119,Devify,Ceres,0.7,"Tart Shells - Savory, 4",41
120,Twimbo,Zakhim,1.5,"Basil - Primerba, Paste",65
121,Brainverse,Quellouno,1.2,Food Colouring - Blue,90
122,Quinu,Võhma,0.0,"Brocolinni - Gaylan, Chinese",54
123,Trilia,Campos do Jordão,4.7,Pie Box - Cello Window 2.5,87
124,Tagchat,Pringgabaya,0.8,Oil - Margarine,50
125,Tekfly,Osiek,0.1,Peppercorns - Pink,90
126,Vitz,Marília,0.4,Tomato - Peeled Italian Canned,35
127,Ailane,Bachowice,1.5,"Fish - Base, Bouillion",70
128,Fatz,Al Bīrah,1.0,Salt - Sea,40
129,Tagopia,Nykarleby,1.9,Juice - Happy Planet,55
130,Aimbu,Xilinji,2.2,Onions - Green,87
131,Innojam,Dadus,0.2,Creme De Menthe Green,0
132,Skynoodle,Halmstad,3.3,"Shrimp, Dried, Small / Lb",62
133,Innotype,Gręboszów,4.6,"Rum - Coconut, Malibu",17
134,Avavee,Dusun Tengah Cihaurbeuti,0.5,Cheese - Le Cru Du Clocher,60
135,JumpXS,Lalmanirhat,2.2,Wine - Champagne Brut Veuve,43
136,Dabjam,Solnechnyy,4.4,Remy Red,26
137,Trupe,Paris 11,0.4,Pepper - Green,99
138,Zoonoodle,Kurume,3.3,Potatoes - Peeled,78
139,Oyoloo,Yuefeng,4.3,Dry Ice,16
140,Skajo,San Benito Abad,1.7,Chocolate Bar - Reese Pieces,83
141,Tagcat,Atlanta,3.3,Sage - Rubbed,40
142,Brightbean,Torre,0.4,Tea - Camomele,26
143,Jaxworks,Längelmäki,0.7,Buttons,75
144,Feedfish,Lāchi,0.8,Truffle Cups - White Paper,33
145,Vimbo,Orhon,3.5,Container - Clear 32 Oz,94
146,Fivechat,Hexing,0.9,Wine - Rioja Campo Viejo,86
147,Voonyx,Princeville,2.1,Wakami Seaweed,23
148,Twitterbridge,Mizi,4.8,Chivas Regal - 12 Year Old,20
149,Skyndu,Seoam,4.5,Chocolate - Chips Compound,35
150,Riffpedia,Pantijan No 2,3.7,"Chicken - White Meat, No Tender",57
151,Riffpath,Tugulym,4.4,Bread - Sour Batard,71
152,Tagtune,Ozërsk,2.2,Sea Bass - Whole,10
153,Plajo,Molave,1.8,Chicken - Whole Fryers,99
154,Fatz,Środa Wielkopolska,1.4,Praline Paste,86
155,Zoombox,Mocho,2.4,"Juice - Orange, Concentrate",4
156,Topicstorm,Aygavan,0.5,Trueblue - Blueberry 12x473ml,63
157,Fivespan,Yudong,1.6,Energy Drink,49
158,Yakidoo,København,1.8,Tilapia - Fillets,99
159,Demivee,Miasteczko Śląskie,4.7,Watercress,20
160,Eabox,Bolembre,3.2,Pastry - Butterscotch Baked,6
161,Oyoyo,Tasböget,0.2,Pumpkin - Seed,64
162,Realbuzz,Aghsu,3.7,Peach - Fresh,35
163,Realcube,Lipin Bor,3.9,Jicama,26
164,Janyx,Żabnica,3.3,"Tart Shells - Barquettes, Savory",14
165,Camido,Pokhvistnevo,0.2,Parsley - Dried,84
166,Topicware,Ustrzyki Dolne,0.6,Cheese - Pont Couvert,33
167,Ntag,Schenectady,1.5,Cheese - Roquefort Pappillon,98
168,Jatri,Thị Trấn Bắc Yên,3.4,Eggplant - Regular,95
169,Brightdog,Harding,0.3,Towels - Paper / Kraft,50
170,Einti,Krutja e Poshtme,4.5,"Wine - Niagara,vqa Reisling",3
171,Tekfly,Tanda,3.5,"Turkey - Breast, Boneless Sk On",29
172,Twinder,Dahu,2.4,Longos - Grilled Chicken With,10
173,Fadeo,Kabarnet,3.8,Cookies - Englishbay Wht,70
174,Jabberstorm,Cangchang,4.5,"Wine - Red, Concha Y Toro",34
175,Yodo,Nunguan,4.5,Wine - Dubouef Macon - Villages,8
176,Zazio,Utrecht (stad),4.6,Chips Potato Reg 43g,88
177,Livefish,Gandong,4.8,Lamb Leg - Bone - In Nz,32
178,Zoozzy,Nelas,2.9,Gherkin - Sour,42
179,Kimia,Jinchang,1.5,Soup - Campbells Broccoli,2
180,Divape,Évreux,1.8,Pastry - Cherry Danish - Mini,83
181,Yombu,Rancharia,1.6,Gooseberry,21
182,Tazzy,Baoyang,2.9,Cucumber - English,38
183,Zoomzone,Fandriana,3.1,Trueblue - Blueberry Cranberry,31
184,Lazz,Urechcha,4.5,"Lamb - Leg, Boneless",79
185,Bluejam,Heilbronn,2.5,Coffee - Espresso,26
186,Trudoo,Woha,0.5,Muskox - French Rack,5
187,Gigashots,Washington,2.7,Steam Pan Full Lid,35
188,Avamm,Sigay,3.2,Wine - Vovray Sec Domaine Huet,23
189,Meembee,Tirhanimîne,4.3,Kirsch - Schloss,20
190,Wikivu,Kalapadua,1.0,Glass - Juice Clear 5oz 55005,22
191,Zoonoodle,Neiba,2.6,Langers - Cranberry Cocktail,32
192,Thoughtbridge,Funehikimachi-funehiki,2.4,Appetizer - Assorted Box,49
193,Browsebug,Guantun,1.4,General Purpose Trigger,36
194,Edgepulse,Plyussa,3.1,"Brownies - Two Bite, Chocolate",33
195,Twiyo,Poá,1.1,Beef - Short Ribs,91
196,Babbleblab,Psevdás,2.8,Nantucket Orange Juice,93
197,Yamia,Wahai,0.1,Salt - Sea,92
198,Eimbee,Lillers,4.5,Truffle - Whole Black Peeled,93
199,Bubblemix,Lazaro Cardenas,3.6,Wine - Tribal Sauvignon,82
200,Dabvine,Kertanegla,1.9,"Cheese - Brie,danish",65
201,Zoomcast,Shimen,1.3,Vinegar - White Wine,38
202,Thoughtworks,Caxarias,2.5,Wine - Cotes Du Rhone,6
203,Centidel,Mambusao,0.2,Muffin Mix - Morning Glory,87
204,Thoughtsphere,Kastornoye,1.9,Longos - Penne With Pesto,0
205,Chatterbridge,Ganja,0.3,Tomatoes - Cherry,6
206,Skipfire,Sotteville-lès-Rouen,2.8,Sprite - 355 Ml,53
207,Tagpad,Andahuaylillas,0.7,Flax Seed,17
208,Camimbo,Luodian,0.1,Pants Custom Dry Clean,94
209,Quimba,Pingkai,4.1,Wine - Trimbach Pinot Blanc,49
210,Zava,Neyvo-Rudyanka,3.7,Longos - Chicken Curried,17
211,Rhyzio,Rudna,2.4,Beer - Maudite,39
212,Innotype,Tambura,3.1,Lettuce - Escarole,71
213,Yakidoo,Donskoye,1.7,Sugar - Crumb,9
214,Aimbu,Ino,0.7,Ostrich - Prime Cut,51
215,Feednation,Vide,2.0,Filter - Coffee,48
216,Yakidoo,Gonayiv,0.9,Quiche Assorted,31
217,Youopia,Pickering,4.6,Lettuce - Arugula,93
218,Browsezoom,Vřesina,3.1,"Wine - White, Antinore Orvieto",27
219,Jazzy,Jiulongshan,2.3,Bread - Mini Hamburger Bun,14
220,Mymm,Phôngsali,1.8,Whmis Spray Bottle Graduated,13
221,Pixope,Mandeni,0.8,Flour - Fast / Rapid,96
222,Vitz,Grammatikó,3.0,"Pepper - Black, Ground",96
223,Skibox,Argayash,2.6,Lettuce - Baby Salad Greens,67
224,Voonte,Liushutun,2.3,Wine - Savigny - Les - Beaune,58
225,Yakitri,Yilan,2.9,Duck - Whole,3
226,Trunyx,Xingquan,3.6,Nestea - Iced Tea,56
227,Jazzy,Cileueur,4.4,"Veal - Brisket, Provimi, Bone - In",76
228,Demizz,Beaumont,4.1,Muffin Hinge - 211n,42
229,Pixonyx,Ugep,2.0,Cheese Cloth No 60,31
230,Skiba,Santa Teresa,4.9,Beets - Golden,88
231,Twimm,Kalapanunggal,4.3,Tequila Rose Cream Liquor,11
232,Gabvine,Dongtuan,3.3,Island Oasis - Ice Cream Mix,11
233,Kazio,Gogaran,3.5,Myers Planters Punch,54
234,Skippad,Aldeia da Piedade,2.3,"Pork - Loin, Center Cut",20
235,Mycat,Kolodenka,0.4,Gatorade - Orange,42
236,Gigabox,Québec,4.8,Tea - Green,76
237,Flashset,Lihu,0.4,Ocean Spray - Kiwi Strawberry,86
238,Zoombeat,La Jicaral,4.8,Buffalo - Striploin,24
239,Thoughtstorm,Kostanay,0.6,Flour - Whole Wheat,28
240,Jabbertype,Huangqi,3.5,Island Oasis - Banana Daiquiri,82
241,Janyx,Jacareí,1.1,Salt And Pepper Mix - Black,5
242,Oodoo,Weda,4.8,Wine - Riesling Dr. Pauly,85
243,Flashdog,Liwale,1.2,Tea - Vanilla Chai,75
244,Fanoodle,Xinglong,1.9,"Pork - Butt, Boneless",0
245,Teklist,Zábřeh,3.3,Stainless Steel Cleaner Vision,36
246,Mydeo,Valejas,0.4,Blueberries - Frozen,15
247,Linkbuzz,Guyancourt,2.6,Squid - U - 10 Thailand,30
248,Zooxo,Obispos,2.9,Longos - Lasagna Beef,94
249,Demizz,Znomenka,3.6,Wanton Wrap,3
250,Oodoo,Quitilipi,0.4,V8 - Vegetable Cocktail,50
251,Topiclounge,Dawan,1.4,Sprouts - Brussel,56
252,Tagopia,Saint Louis,4.8,Mackerel Whole Fresh,31
253,Ailane,Saint Paul,0.3,Sword Pick Asst,52
254,Devbug,Xambabazar,4.9,Curry Powder,34
255,Agimba,Pombas,1.4,Peas Snow,52
256,Thoughtbridge,Hoi,4.4,"Pork - Bacon, Sliced",87
257,Ozu,Wuyahe,3.1,Wiberg Cure,12
258,Pixope,Bandar-e Māhshahr,3.6,Tomatoes - Hot House,62
259,Yozio,Białogard,2.0,Chocolate - Sugar Free Semi Choc,1
260,Edgeblab,Kapchorwa,2.4,Potatoes - Idaho 100 Count,33
261,Yombu,Goroka,1.0,Soup - Campbells Chicken,92
262,Quatz,Fristad,2.6,Anchovy Fillets,58
263,Zazio,Intibucá,4.5,Lamb - Shoulder,8
264,Izio,Botao,0.4,"Tea - Darjeeling, Azzura",56
265,Quimm,Xinwo,2.0,"Bread - Crumbs, Bulk",62
266,Jaxworks,Sirte,2.3,"Tomatoes - Diced, Canned",49
267,Eazzy,Nyköping,1.7,General Purpose Trigger,4
268,Meejo,Pontian,0.9,Bread - 10 Grain,90
269,Topdrive,Khamyāb,1.1,Tea - Decaf Lipton,37
270,Kwideo,Bắc Kạn,0.9,"Sauce - Apple, Unsweetened",100
271,Zoozzy,Antsohimbondrona,4.7,"Wine - White, Colubia Cresh",26
272,Yadel,Montélimar,3.7,"Chicken - Wings, Tip Off",45
273,Browsetype,Parque Industrial,4.8,Pie Box - Cello Window 2.5,44
274,Tagtune,Ihuari,0.0,Cookie Dough - Chocolate Chip,95
275,Ozu,Pingyao,0.1,"Sole - Dover, Whole, Fresh",35
276,Omba,Boa Vista,1.7,Wine - Casillero Deldiablo,44
277,JumpXS,Zyuzino,3.7,Papayas,90
278,Mynte,Armenia,1.2,Danishes - Mini Cheese,87
279,Tagcat,Ubatã,2.1,Red Cod Fillets - 225g,74
280,Yabox,Jiangkou,3.3,Wine - Dubouef Macon - Villages,78
281,Skyba,Ciudad Choluteca,0.4,Parsley - Fresh,4
282,Meedoo,Zhichu,4.7,Cake Slab,54
283,Flashspan,Cobre,0.5,Campari,77
284,Innojam,Galatás,0.5,Bagel - Everything,25
285,Topiclounge,Dongxin,1.1,Beans - French,44
286,Talane,Sumberkindagan,1.1,Ice Cream - Strawberry,95
287,Skalith,Třemošnice,0.4,Broom - Push,34
288,Muxo,Guihulñgan,3.1,Chinese Foods - Pepper Beef,0
289,Brainlounge,Nanmuping,0.4,Potatoes - Parissienne,61
290,Skyble,Sawahan,4.2,Ginger - Crystalized,20
291,InnoZ,Igarassu,4.1,Cheese - Bakers Cream Cheese,46
292,Gabtune,Curug,2.5,Chutney Sauce,67
293,Zooxo,Stopnica,2.7,Ecolab - Mikroklene 4/4 L,98
294,Skidoo,Pontes e Lacerda,1.4,Beef Ground Medium,74
295,Ooba,Uijeongbu-si,4.9,Butter Ripple - Phillips,80
296,Brainsphere,Zlataritsa,3.7,Initation Crab Meat,46
297,Topicstorm,Bayan Huxu,3.0,Waffle Stix,42
298,Linkbuzz,Petare,0.4,Cookies - Englishbay Chochip,29
299,Viva,Bubullimë,0.5,Bonito Flakes - Toku Katsuo,13
300,Zoonoodle,Paombong,0.4,"Roe - Lump Fish, Red",71
301,Dynabox,Kumamoto,3.7,Muffin Batt - Blueberry Passion,99
302,Edgewire,Kax,4.2,"Coconut - Shredded, Unsweet",88
303,Pixonyx,Kapuan,5.0,"Wine - Saint - Bris 2002, Sauv",53
304,Photobug,Dębowiec,3.1,Shrimp - Black Tiger 6 - 8,52
305,Twitterwire,Cadiz,1.6,Capicola - Hot,100
306,Twimbo,Postupice,1.8,"Glass - Wine, Plastic, Clear 5 Oz",17
307,Flipbug,Trinidad,2.0,Limes,67
308,Voonder,Chegutu,0.5,Chicken - Leg / Back Attach,43
309,Kwideo,Ryōtsu-minato,0.1,Bagel - 12 Grain Preslice,61
310,Skippad,Al Jumūm,0.3,Tea - Herbal - 6 Asst,44
311,Vinte,Kalynivka,4.4,Buffalo - Striploin,45
312,Omba,Wólka Pełkińska,0.8,Syrup - Monin - Blue Curacao,18
313,Voonder,Yangzhuang,2.2,"Chicken - Wings, Tip Off",60
314,Fivebridge,Rennes,0.1,Parsley Italian - Fresh,65
315,Tazz,Union,1.4,"Pasta - Spaghetti, Dry",33
316,Skaboo,Casa Nova,2.9,Lettuce Romaine Chopped,64
317,Abata,Dayuan,1.7,Ostrich - Fan Fillet,34
318,Vidoo,Bāndarban,1.1,Flour - Fast / Rapid,36
319,Quatz,Campo Belo,4.4,Oil - Avocado,74
320,Photobean,Luoxiong,0.6,Tea - Earl Grey,28
321,Mita,Amieirinha,0.4,"Pork - Tenderloin, Frozen",91
322,Jabberstorm,Petiga,0.2,"Mushroom - Morels, Dry",80
323,Aimbo,Ljusdal,2.1,Tea - Camomele,80
324,Gabcube,Libertad,1.8,Strawberries,0
325,Trilith,Buštěhrad,1.2,Wood Chips - Regular,11
326,Photobug,Maanas,1.6,Wine - Magnotta - Cab Sauv,54
327,Wikivu,Şānūr,1.3,"Artichokes - Knobless, White",61
328,Tavu,Tambarangan,1.1,Coffee - Dark Roast,81
329,Lajo,Ganjaran,1.3,The Pop Shoppe - Grape,82
330,Roomm,Las Vegas,2.0,"Pasta - Elbows, Macaroni, Dry",47
331,Pixope,Burgos,3.4,"Salsify, Organic",37
332,Talane,Ostrowite,0.7,"Olives - Green, Pitted",66
333,Ntag,Lazaro Cardenas,2.5,"Cheese - Woolwich Goat, Log",10
334,Minyx,Kyaka,2.1,Foil - 4oz Custard Cup,93
335,Quinu,Olszanica,0.0,Beets - Mini Golden,69
336,Shuffledrive,Two Hills,1.9,"Flour - Bran, Red",30
337,Dynazzy,Linköping,1.7,Puree - Raspberry,71
338,Meembee,Yongding,3.7,Lettuce - Iceberg,39
339,Mynte,Qingshi,0.5,Melon - Cantaloupe,61
340,Twitterworks,Shixian,2.5,Halibut - Steaks,59
341,Fliptune,Jacupiranga,2.3,Radish - Pickled,1
342,Avavee,Kaleybar,4.4,"Cheese - Brie, Triple Creme",95
343,Abatz,Baruny,0.5,Soup - Campbells Asian Noodle,20
344,Gigashots,Fenhe,3.2,Munchies Honey Sweet Trail Mix,49
345,Rhynoodle,Mojorembun,0.4,Apple - Macintosh,16
346,Kayveo,Cabodiongan,3.9,Okra,68
347,Flipopia,Arfará,1.3,Tea - Grapefruit Green Tea,20
348,Wikido,Krajan Dua Padomasan,0.4,Aromat Spice / Seasoning,46
349,Topdrive,Karangasem,0.7,"Veal - Brisket, Provimi,bnls",61
350,Realblab,Boavista,4.5,Lettuce - Boston Bib,74
351,Gabcube,Oyonnax,2.8,Eggwhite Frozen,18
352,Feednation,Topeka,1.9,"Soup - Beef Conomme, Dry",42
353,Innojam,Al Ghandūrah,4.1,"Nestea - Ice Tea, Diet",0
354,Demimbu,Caazapá,0.6,Peppercorns - Pink,78
355,Browsetype,Libas,0.6,Squid - U - 10 Thailand,48
356,Chatterbridge,Rajsko,4.1,Gooseberry,73
357,Linktype,Gbadolite,1.7,Worcestershire Sauce,18
358,Eimbee,Shuangxiqiao,4.3,Beer - Heinekin,81
359,Browsebug,Subkowy,2.9,Wine - Peller Estates Late,31
360,Flipbug,Manūjān,1.2,Broom Handle,64
361,Topiclounge,Taipingxu,0.6,Muffin - Blueberry Individual,68
362,Mydo,Moncton,4.6,Island Oasis - Magarita Mix,61
363,Myworks,Jamundí,3.9,Muskox - French Rack,21
364,Meembee,Chiara,4.6,Longos - Greek Salad,39
365,Zoonder,Sanyantang,3.2,Milk - 1%,92
366,Browsedrive,Koronadal,4.3,Carbonated Water - Strawberry,96
367,Skynoodle,Minh Long,1.0,"Apple - Delicious, Golden",22
368,Feednation,Marseille,2.4,"Wine - Magnotta - Red, Baco",90
369,Shuffledrive,Evansville,4.2,"Pasta - Fett Alfredo, Single Serve",58
370,Roomm,Nong Muang,3.9,"Turkey - Breast, Double",30
371,Riffwire,Ilinden,1.9,Vodka - Moskovskaya,44
372,Fanoodle,Bapska,2.0,Alize Gold Passion,34
373,Trudeo,Noebesa,2.6,"Chilli Paste, Sambal Oelek",40
374,Ooba,Williamsfield,3.5,Butter - Salted,29
375,Eidel,Banī Khaddāsh,3.3,Cabbage - Savoy,0
376,Skippad,Dongjiao,0.5,"Nut - Almond, Blanched, Whole",82
377,Flashpoint,Povorino,4.9,"Jam - Raspberry,jar",4
378,Brainbox,Fuzhuang,3.6,Oil - Margarine,75
379,Talane,Mileb,3.3,Five Alive Citrus,71
380,Eare,Łaziska Górne,3.7,Veal - Eye Of Round,0
381,Wikizz,Sibiti,4.2,Coffee Cup 12oz 5342cd,3
382,Voonte,Zargarān,2.5,White Baguette,87
383,Fiveclub,Aga,4.9,Wine - Clavet Saint Emilion,92
384,Rhyzio,Dar Chabanne,2.9,Muffin Hinge 117n,0
385,Gabvine,Plaza Huincul,3.8,"Star Anise, Whole",89
386,Geba,Des Moines,4.1,Marzipan 50/50,81
387,Realcube,Guajiasi,4.0,Wine - Placido Pinot Grigo,35
388,Bubblebox,Dongbang,1.0,Grouper - Fresh,9
389,Flashdog,Itinga,1.4,"Soup - Campbells, Lentil",69
390,Browsecat,Calzada Larga,3.2,Pate Pans Yellow,31
391,Oyondu,Dalmatovo,3.0,Dried Peach,60
392,Oyope,Youxi Chengguanzhen,2.9,Kaffir Lime Leaves,44
393,Gigabox,Cabaret,2.8,Tomatoes - Yellow Hot House,4
394,Leenti,Tenja,2.3,Cake - Mini Potato Pancake,76
395,Rhynoodle,Hekou,1.7,Coffee Cup 8oz 5338cd,40
396,Topiclounge,Glasnevin,4.0,Turkey Tenderloin Frozen,8
397,Quatz,Disina,2.0,Pan Grease,6
398,Viva,Besançon,2.4,Appetizer - Lobster Phyllo Roll,29
399,Trupe,Kabakovo,0.7,Table Cloth 81x81 White,97
400,Photobug,Xiashitai,1.6,Garbage Bags - Clear,5
401,Fanoodle,Talanga,0.6,Lemon Grass,66
402,Feednation,Nekla,4.6,Black Currants,45
403,Yodo,Dorp Antriol,0.6,Tea - Herbal Orange Spice,98
404,Fliptune,Greenhills,0.9,Sauce - Ranch Dressing,94
405,Tavu,Niedźwiada,4.7,Table Cloth 54x54 Colour,1
406,Oyoba,Santiago de los Caballeros,3.2,Cornstarch,74
407,Flashdog,Lom Kao,4.5,Longos - Grilled Salmon With Bbq,16
408,Izio,Dok Kham Tai,0.1,Pate - Peppercorn,45
409,Fliptune,Huangshi,1.2,"Wine - Sherry Dry Sack, William",32
410,Skajo,Niamey,4.1,Turnip - White,31
411,Kimia,San Fernando Apure,2.2,Cookies Cereal Nut,39
412,Agimba,Khanāşir,2.5,Mangoes,36
413,Meemm,Pragen Selatan,0.1,Veal - Heart,91
414,Chatterbridge,Bulawayo,3.8,Beef Wellington,70
415,Latz,Venustiano Carranza,0.4,Beef - Tenderloin,25
416,Jaxspan,Trà Ôn,1.6,Ecolab - Solid Fusion,53
417,Kazu,Lugang,1.1,Wine - Rioja Campo Viejo,67
418,Eamia,Dongfeng,2.4,Muffin Mix - Corn Harvest,16
419,Topicblab,Aguiar da Beira,3.1,Coffee Cup 12oz 5342cd,94
420,Jabberstorm,Zhongcheng,4.0,Dip - Tapenade,15
421,Jaxnation,El Gouna,1.4,"Chicken - Breast, 5 - 7 Oz",35
422,Rhybox,Tinta,0.2,"Pail - 15l White, With Handle",13
423,Skiptube,Guanyinsi,0.1,Bagel - Everything Presliced,59
424,Fadeo,Pangawaren,0.3,Pastry - Choclate Baked,79
425,Mybuzz,Atins,0.6,Mustard - Dijon,68
426,Jabberbean,Novo Horizonte,2.0,"Beef - Rouladin, Sliced",10
427,Meetz,Yuyao,3.5,Truffle Cups - White Paper,81
428,Jabbersphere,Huayan,0.8,Vaccum Bag 10x13,12
429,Fatz,Kista,1.7,Dc Hikiage Hira Huba,8
430,Zoonoodle,Shixiang,0.9,Lettuce - Arugula,58
431,Linktype,Hake,2.4,Beef - Flank Steak,2
432,Skimia,Kaišiadorys,0.1,Spaghetti Squash,41
433,Zoovu,Köping,1.2,Bread Base - Gold Formel,41
434,Vinder,Sewon,2.4,Beef - Shank,84
435,Camimbo,Xiangfu,3.9,Beef Cheek Fresh,32
436,Youfeed,Gasi,4.9,Beer - Camerons Auburn,56
437,Tekfly,Tambangan,3.2,"Lid - 10,12,16 Oz",60
438,Jatri,Kuchinarai,3.5,Stock - Fish,51
439,Skinix,Siborong-borong,4.3,"Tart Shells - Sweet, 2",40
440,Flashpoint,Krrabë,1.0,Beer - Guiness,26
441,Wordpedia,Tashla,4.4,Soup - Campbells Chili Veg,99
442,Brightdog,Xinglong,2.5,Breadfruit,8
443,Oozz,Jām Sāhib,0.8,Beef - Short Loin,96
444,Kwideo,Weixin,4.9,Puff Pastry - Slab,86
445,Plambee,Ufimskiy,0.3,"Appetizer - Mini Egg Roll, Shrimp",39
446,Reallinks,Henglan,3.6,"Pork - Butt, Boneless",30
447,Aimbu,Vila Nova de Santo André,2.6,Chicken - Soup Base,50
448,Avavee,Shakhty,1.6,Sage Derby,70
449,Dynava,Leicheng,1.9,Pastry - Raisin Muffin - Mini,53
450,Quimba,Ganlin,1.3,Onion Powder,16
451,Jabberbean,Arnhem,4.0,Soup - Campbellschix Stew,44
452,Dabvine,Koynare,3.8,"Nut - Hazelnut, Ground, Natural",25
453,Meevee,Taboão da Serra,0.1,Beef Flat Iron Steak,35
454,Zooxo,Chengyang,0.6,Bread - Raisin,19
455,Quinu,Boucinhas,0.8,Table Cloth 90x90 Colour,1
456,Realbridge,Boro Utara,1.5,General Purpose Trigger,64
457,Linktype,Galis,3.2,Egg Patty Fried,48
458,Thoughtsphere,Pondaguitan,4.9,Bread - Bistro Sour,55
459,Photobug,Airmata,4.8,Lamb - Ground,14
460,Eayo,Mocajuba,4.2,Tart - Butter Plain Squares,93
461,Yacero,Vitanje,1.4,Sesame Seed,21
462,Katz,Naka,4.3,"Capon - Breast, Double, Wing On",18
463,Quinu,Sishilichengzi,2.6,Alize Red Passion,36
464,Quatz,Campraksanta,2.0,"Soup - Beef Conomme, Dry",34
465,Wordtune,Liljendal,1.0,Lumpfish Black,88
466,Skivee,Albert Town,1.2,Icecream - Dstk Super Cone,55
467,Realbuzz,Abuochiche,3.5,Chinese Foods - Chicken,96
468,Einti,Kokkini Trimithia,3.0,Ginger - Crystalized,49
469,Gigazoom,Spas,2.1,Squash - Butternut,3
470,Demimbu,Purut,3.3,Veal - Heart,83
471,Dabtype,Pyin Oo Lwin,3.4,Veal - Striploin,42
472,Pixoboo,Paris 08,4.0,Cheese - Pont Couvert,86
473,Tazzy,Warwick,1.6,Apricots - Dried,27
474,Photospace,Qingyuan,2.4,Wine - Prem Select Charddonany,67
475,Skyndu,Jiamaogong,4.5,"Bag - Bread, White, Plain",87
476,BlogXS,Volot,4.7,Bacardi Breezer - Strawberry,26
477,Rhyzio,Shangcunba,0.0,Sprouts - Baby Pea Tendrils,2
478,Dynava,Lopatyn,0.4,"Stock - Veal, Brown",79
479,Skilith,Shayu,3.8,Ice Cream - Super Sandwich,70
480,Dabtype,San Vicente,1.6,Nantuket Peach Orange,35
481,Pixope,Sumberbakti,3.4,Bacardi Mojito,90
482,Livepath,Tres Arroyos,4.5,"Cheese - Mozzarella, Buffalo",99
483,Twimbo,Shizi,3.0,Bar Bran Honey Nut,15
484,Roombo,Saýat,3.3,Vinegar - Tarragon,47
485,Quamba,Phrae,4.6,Foil - 4oz Custard Cup,7
486,Tagfeed,Gastello,1.0,Icecream - Dstk Cml And Fdg,0
487,Skiba,Goiás,0.0,"Crab - Claws, Snow 16 - 24",18
488,Skippad,Talovyy,4.6,"Wine - Red, Wolf Blass, Yellow",33
489,Gabcube,Thionville,1.0,Wine - Puligny Montrachet A.,19
490,Skiba,Xinzhuang,1.1,Beer - Mill St Organic,26
491,Bluejam,Ribeiro,4.4,Juice - V8 Splash,77
492,Yodel,Point Hill,1.6,Oyster - In Shell,49
493,Twitternation,Skidal’,4.6,Pants Custom Dry Clean,10
494,Browsedrive,Świnna,1.7,Bonito Flakes - Toku Katsuo,66
495,Tagopia,Savelugu,4.0,"Oil - Shortening,liqud, Fry",68
496,Kaymbo,Sicheng,4.0,Veal - Heart,48
497,Voonix,Wuxia,1.1,"Wine - Niagara,vqa Reisling",79
498,Zoozzy,Mukun,0.4,"Tabasco Sauce, 2 Oz",73
499,Tagcat,Bay Roberts,4.9,Ecolab - Hobart Washarm End Cap,94
500,Wordpedia,Carvalhos,3.0,Raspberries - Frozen,87
501,Yozio,Lukou,0.7,Pork - Smoked Back Bacon,97
502,Leenti,Pitogo,1.7,Basil - Fresh,77
503,Zooveo,Kolonia Town,4.9,Rice - Wild,83
504,Linktype,Kunduz,1.1,"Beef - Outside, Round",18
505,Youtags,Julun,1.9,Clam Nectar,64
506,Brightdog,Hukou,0.1,Oil - Safflower,67
507,Thoughtstorm,Danilov,3.8,Wine - Montecillo Rioja Crianza,53
508,Mycat,Maicao,0.6,V8 Splash Strawberry Banana,50
509,Zoomlounge,Klos,0.6,Liqueur - Melon,9
510,Einti,Gewanē,3.6,Lamb - Shoulder,78
511,Fatz,Skhodnya,0.0,Flavouring - Raspberry,54
512,Yodel,Chumpi,4.7,Muffin Batt - Blueberry Passion,19
513,Tagtune,Shchëkino,1.9,"Sugar - Brown, Individual",98
514,Skivee,Yanmenguan,4.8,Sauce - Roasted Red Pepper,24
515,Browsezoom,Lue Amnat,3.2,Beef - Tender Tips,18
516,Vipe,San Fernando Apure,4.9,Rabbit - Saddles,100
517,Bubblebox,Dolgoprudnyy,1.4,Bread - Onion Focaccia,8
518,Plajo,Jiuxian,0.7,Garlic,69
519,Edgepulse,Potrerillos,0.3,Beef - Prime Rib Aaa,4
520,Twimbo,Mílos,0.5,Ice Cream - Chocolate,17
521,Edgewire,Neos Voutzás,3.7,"Chicken - Diced, Cooked",49
522,Trilia,Lengkong,4.9,External Supplier,41
523,Skimia,Old Kilcullen,1.0,Wine - Alsace Gewurztraminer,14
524,Tavu,Ústí nad Orlicí,2.2,Cod - Black Whole Fillet,82
525,Eabox,Huanggangshan,2.4,Sugar - Individual Portions,18
526,Dabjam,Kuala Lumpur,0.3,Cakes Assorted,27
527,Dabfeed,Mazkeret Batya,4.7,Steampan Lid,69
528,Topdrive,Shums’k,4.1,Flour - Cake,89
529,Youspan,Marcara,2.4,Ginger - Fresh,92
530,Meevee,Zhenjiang,1.8,"Salsify, Organic",26
531,Oyondu,Winseler,3.8,Scallops - Live In Shell,98
532,Jetpulse,Gwio Kura,0.2,Wine - Dubouef Macon - Villages,73
533,Shufflebeat,Libochovice,4.8,"Basil - Dry, Rubbed",67
534,Vinte,Sibut,1.4,Apples - Sliced / Wedge,67
535,Photobean,Yelabuga,4.2,"Beef - Ground, Extra Lean, Fresh",72
536,Jaxworks,Sidem,1.0,Scallops - Live In Shell,32
537,Blognation,Pringsewu,2.7,Mussels - Cultivated,54
538,Dabvine,Ulichnoye,4.8,Oil - Peanut,10
539,Thoughtsphere,Ochër,1.3,Contreau,25
540,Quinu,Zaragoza,3.6,Lemonade - Pineapple Passion,88
541,Talane,Secang Barat,1.4,Lamb Shoulder Boneless Nz,29
542,Bubblebox,La Cumbre,3.3,Calypso - Black Cherry Lemonade,38
543,Meevee,Lyon,1.6,Teriyaki Sauce,19
544,JumpXS,Huaminglou,1.7,Drambuie,69
545,Rhynoodle,Palumbungan,4.3,Soup Bowl Clear 8oz92008,51
546,Skyba,Tange Zhen,0.3,Spice - Onion Powder Granulated,81
547,Feednation,Strunino,4.0,"Artichokes - Knobless, White",70
548,Edgetag,Bailu,4.2,"Nut - Almond, Blanched, Sliced",31
549,Quamba,Ludvika,3.9,"Mushrooms - Black, Dried",66
550,Meetz,Troyes,1.5,"Mushroom - Morels, Dry",94
551,Zooveo,Vizal San Pablo,1.7,"Star Anise, Whole",45
552,Livetube,Chabany,1.9,Island Oasis - Magarita Mix,96
553,Shufflebeat,Chengxiang,0.1,Ham - Cooked,36
554,Twitterbridge,Baxiangshan,3.2,Ocean Spray - Ruby Red,43
555,Avavee,Hekou,1.7,Cabbage - Savoy,73
556,Voolith,Balkh,2.5,Pepper - Cubanelle,52
557,Wordware,Khánh Hải,3.5,"Pasta - Penne Primavera, Single",84
558,Voolith,San Felipe Old,3.8,Juice Peach Nectar,48
559,Podcat,Margate,2.0,Cheese - Mascarpone,51
560,Realpoint,Tokoname,3.3,"Bag - Bread, White, Plain",34
561,Katz,Podgorenskiy,4.4,Pork - Suckling Pig,17
562,Mudo,Timba Lauk,4.1,"Juice - Tomato, 48 Oz",92
563,Dynazzy,Burgeo,4.3,Lettuce - California Mix,97
564,Quaxo,Amnat Charoen,0.3,Lettuce - Sea / Sea Asparagus,43
565,Voonix,Jiufang,2.0,Melon - Watermelon Yellow,77
566,Kwinu,Graksop,1.1,Wine - Winzer Krems Gruner,14
567,Centidel,Xiangqiao,1.0,"Mustard - Dry, Powder",85
568,Edgeify,Baiguo,1.4,Puree - Blackcurrant,57
569,Kamba,Yako,3.5,Pepsi - 600ml,19
570,Centimia,Quintão,3.9,Cheese - Mix,41
571,Gabvine,Gurupi,0.3,Wasabi Paste,75
572,Tagfeed,São Félix do Xingu,3.1,Blueberries,97
573,Babbleopia,Matou,4.8,Beer - Guiness,11
574,Pixope,Yaozhuang,2.9,Chevril,52
575,Livefish,Hluhluwe,4.7,"Pepper - Julienne, Frozen",17
576,Kwimbee,Capitán Bermúdez,0.2,Celery Root,41
577,Meejo,San Quintin,1.3,Lobster - Live,17
578,Mynte,Kiiminki,2.8,Raisin - Dark,81
579,Jabbersphere,Colomiers,3.5,Lighter - Bbq,87
580,Leexo,Francisco Villa,4.0,"Yogurt - Peach, 175 Gr",51
581,Ailane,Alistráti,2.1,"Wine - White, Mosel Gold",85
582,Rhyzio,Santos Evos,4.0,Coffee Guatemala Dark,94
583,Midel,Bourg-lès-Valence,0.5,"Flour - Corn, Fine",84
584,Riffpedia,Presnenskiy,1.9,Beef Striploin Aaa,66
585,Youtags,Unidad,4.1,Vinegar - Raspberry,57
586,Quimm,Igurubi,4.0,Bag Stand,69
587,Ntag,Guaimaca,3.5,"Turkey - Breast, Double",80
588,Fliptune,Xin’an,2.9,Turkey - Ground. Lean,24
589,Topicstorm,Gwangtan,1.9,Veal - Provimi Inside,42
590,Eabox,Shuigou,3.3,Wine - Riesling Alsace Ac 2001,13
591,Dynabox,Kamo,0.3,"Cheese - Havarti, Salsa",35
592,Quinu,Abbeville,4.1,Cabbage - Nappa,6
593,Talane,Kaem,2.9,Beer - Sleemans Honey Brown,56
594,Quimba,Malāyer,0.4,Cinnamon Rolls,39
595,Ozu,Gulonggang,1.8,Carbonated Water - Cherry,21
596,Devify,Shisui,2.3,Cheese - Augre Des Champs,48
597,Divape,Varser,0.2,Wine - Valpolicella Masi,31
598,Photojam,Lawrenceville,2.4,Ice Cream - Chocolate,17
599,Eabox,Maoyang,2.6,Pop - Club Soda Can,84
600,Skiba,Tong’an,4.6,Extract - Lemon,8
601,Thoughtstorm,Rixinhe,0.6,Browning Caramel Glace,25
602,Thoughtblab,Zolotonosha,3.2,Flower - Daisies,54
603,Camido,Sizao,4.8,Crab Brie In Phyllo,40
604,Photolist,Grenoble,4.1,Coffee Cup 12oz 5342cd,30
605,Zava,Bungu,2.2,Beer - Paulaner Hefeweisse,15
606,Twinte,Dalai,0.5,Vol Au Vents,39
607,Twimbo,Radymno,1.0,Bols Melon Liqueur,90
608,Leexo,El Mirador,0.5,Cilantro / Coriander - Fresh,86
609,Browsedrive,Tanghua,0.6,Nantucket - 518ml,27
610,Quimba,Domampot,1.2,Wine - Chateau Bonnet,45
611,Brainlounge,Hlyboka,2.1,Ginger - Fresh,14
612,Skajo,Mafra,3.7,Plums - Red,3
613,Linklinks,Nao,1.9,Steel Wool S.o.s,93
614,Riffpath,Kisarawe,4.3,Quail - Jumbo,45
615,Tavu,Pastores,3.2,Radish,56
616,Browseblab,Mouquim,4.1,Beans - French,84
617,Meembee,Zhongwei,3.2,Onions - Pearl,96
618,Wordify,Fresnes,4.8,"Yogurt - Strawberry, 175 Gr",26
619,Devify,Ban Khlong Bang Sao Thong,0.4,Appetizer - Seafood Assortment,58
620,Lazzy,Espinillo,1.7,Eggwhite Frozen,3
621,Eazzy,El Agua Dulcita,3.1,Pepper - Red Chili,27
622,Plambee,Hōjō,4.9,Tumeric,33
623,Brainverse,Qarqaraly,2.9,Wine - Pinot Noir Pond Haddock,33
624,Dablist,Perelhal,2.4,Sauce - Hollandaise,84
625,Pixope,Konduga,3.9,Creme De Menthe Green,52
626,Meevee,Cikubang,4.3,Flower - Potmums,9
627,Skaboo,Budta,3.5,Calypso - Pineapple Passion,10
628,Divape,Francisco I Madero,0.0,Anisette - Mcguiness,32
629,Meevee,Kouloúra,4.1,Wine - Maipo Valle Cabernet,25
630,Wordware,Nara-shi,1.7,Corn Syrup,46
631,Fivebridge,Wyszogród,2.7,Cod - Black Whole Fillet,34
632,Eire,Skarbimierz Osiedle,2.5,Vector Energy Bar,46
633,Zooveo,Boston,1.3,Pork - Belly Fresh,87
634,Izio,Hagerstown,1.4,Bread - Triangle White,87
635,Babblestorm,Babiak,0.3,"Lamb - Loin, Trimmed, Boneless",12
636,Aimbu,Noginsk,3.4,Soup - Verve - Chipotle Chicken,54
637,Blognation,Kebili,0.3,Wine - Barolo Fontanafredda,87
638,Photospace,Bangonay,4.4,Radish - Pickled,97
639,Shuffledrive,Guarda Nova,1.7,Dish Towel,45
640,Twitterwire,Caicun,2.1,Beets - Mini Golden,42
641,Youspan,Cururupu,0.1,Cookie Dough - Chocolate Chip,30
642,Minyx,Shimada,1.1,"Corn - Cream, Canned",73
643,Realbuzz,Embalse,4.7,Squash - Pepper,66
644,Reallinks,Bachowice,4.2,"Water - Mineral, Natural",26
645,Trilith,Tall Rif‘at,4.5,Longos - Chicken Curried,31
646,Vimbo,Lagny-sur-Marne,5.0,Cornish Hen,90
647,Browsetype,Píritu,1.2,Tea - English Breakfast,34
648,Chatterbridge,Sukorejo,1.0,"Veal - Inside Round / Top, Lean",45
649,Demivee,Amuñgan,4.6,Dill Weed - Fresh,70
650,Buzzshare,Luchegorsk,5.0,Pepper - Sorrano,43
651,Edgepulse,Solnechnoye,2.3,Beer - Creemore,3
652,Zazio,Oebaki,2.8,Oneshot Automatic Soap System,7
653,Pixoboo,Puerto Mayor Otaño,3.3,Carbonated Water - Strawberry,27
654,Vipe,Guéret,3.5,Snapple - Iced Tea Peach,48
655,Minyx,Hujra,4.9,Vol Au Vents,98
656,Demivee,Medalem,1.3,Pectin,2
657,Eayo,Rudy,0.3,Cookies - Assorted,76
658,Rhybox,Cibatuireng,0.2,"Tuna - Canned, Flaked, Light",36
659,Agivu,Miao’ergou,1.1,Mints - Striped Red,38
660,Wikivu,Padaan,0.1,Drambuie,35
661,Twiyo,Banocboc,4.6,Wasabi Paste,33
662,Demivee,Aqsū,3.1,Pear - Halves,86
663,Wikizz,Zbýšov,4.7,Muffin Mix - Lemon Cranberry,75
664,Aibox,Hadakewa,4.9,Appetizer - Shrimp Puff,41
665,Twinder,Karangpao,1.3,Wine - Clavet Saint Emilion,81
666,Vidoo,Guadalupe,2.1,"Quail - Whole, Boneless",100
667,Mydo,Tunal,4.8,Pepper - Orange,89
668,Oodoo,Faqīrwāli,1.2,Cheese - Perron Cheddar,97
669,Skinix,Kampunganyar,0.7,"Mushroom - Porcini, Dry",82
670,Skyvu,Seattle,4.8,Wine - Zinfandel California 2002,52
671,Yata,Rodez,2.9,Beans - Fine,5
672,Einti,Tawau,2.4,Table Cloth 62x114 White,25
673,Talane,Torez,2.2,Yams,88
674,Kaymbo,Mende,1.4,"Stock - Veal, Brown",2
675,Oyope,Sierakowice,0.7,Mix - Cappucino Cocktail,41
676,Twitternation,Neyagawa,0.6,Cheese - Comtomme,93
677,Jaloo,Az Ziyārah,4.1,Squeeze Bottle,94
678,Fanoodle,Uchaly,1.2,Slt - Individual Portions,88
679,Fadeo,Aţ Ţawīlah,0.2,Butter Balls Salted,17
680,Thoughtbeat,Chaguaní,1.4,"Chilli Paste, Sambal Oelek",19
681,Zoomcast,Pindi Bhattiān,1.8,Pepper - Roasted Red,53
682,Brainbox,Kristinestad,4.6,Garbag Bags - Black,1
683,Yadel,Kanbe,2.5,"Chocolate - Semi Sweet, Calets",23
684,Gigabox,Ewarton,4.1,"Coke - Diet, 355 Ml",71
685,Mydeo,Skanör,2.9,Soup Campbells Mexicali Tortilla,23
686,Jabbertype,Santa Catalina,3.5,Cranberries - Frozen,84
687,Zooxo,København,1.3,"Tart Shells - Barquettes, Savory",46
688,Eadel,Sardasht,4.2,Appetizer - Tarragon Chicken,35
689,Tazz,Ymittos,0.9,Squid - Tubes / Tenticles 10/20,2
690,Cogidoo,Simpang,0.0,Chick Peas - Canned,78
691,Jabberstorm,Pulupandan,2.9,Cheese - Le Cheve Noir,35
692,Realfire,Kota Bharu,2.0,Pork - Back Ribs,83
693,Blogtag,Lyon,4.4,Spinach - Frozen,83
694,Yotz,Sanjiangkou,3.8,"Wine - White, Ej Gallo",97
695,Topiclounge,Agbor,3.5,Cookie - Oatmeal,26
696,Fivebridge,Vicente Guerrero,4.2,Celery Root,48
697,Eamia,Tögrög,4.9,Coriander - Ground,90
698,Fivespan,Aswan,2.4,Chocolate Bar - Reese Pieces,97
699,Dazzlesphere,Wubao,1.4,Wild Boar - Tenderloin,69
700,Mydeo,Noisy-le-Grand,1.2,Wine - Ej Gallo Sonoma,78
701,Trupe,Nan’an,0.6,Chutney Sauce,13
702,Zava,Wonotirto,1.8,"Pork - Butt, Boneless",32
703,Ntags,Santa Catalina,4.0,Lettuce - Belgian Endive,17
704,Oyonder,Sukamulya,0.4,Glass Clear 7 Oz Xl,67
705,Dablist,Camperdown,0.8,Ketchup - Tomato,39
706,Tanoodle,Goraj,2.4,Island Oasis - Magarita Mix,77
707,Skilith,Xinli,4.5,Salmon Steak - Cohoe 6 Oz,87
708,Lazz,Scottsdale,4.3,"Crab - Claws, 26 - 30",86
709,Oyoba,Tongguan,2.7,"Tabasco Sauce, 2 Oz",96
710,Kwinu,Marianowo,2.5,Appetizer - Cheese Bites,43
711,Twinder,Mingjiu,4.0,Pickle - Dill,64
712,Dabfeed,Coquitlam,4.8,Chickhen - Chicken Phyllo,72
713,Riffwire,Semanding Barat,4.6,"Pail - 4l White, With Handle",23
714,Wikibox,Chang Klang,3.2,Soup - Campbells Pasta Fagioli,39
715,Jaloo,Guadalupe,3.5,Bagelers,93
716,Trudeo,Lephalale,2.8,"Pasta - Shells, Medium, Dry",79
717,Vipe,Sunan,1.0,"Jam - Marmalade, Orange",46
718,Skynoodle,Liuji,2.2,"Turkey - Breast, Smoked",65
719,Dabshots,Potęgowo,0.5,Lid - 0090 Clear,5
720,Blogtag,Rauma,3.3,Muffin Mix - Carrot,59
721,Rhynoodle,Wujing,2.9,Pastrami,10
722,Zoombeat,Yangxiang,1.5,Calaloo,2
723,Mydo,Bartica,0.6,Wine - Stoneliegh Sauvignon,6
724,Thoughtblab,Qalaikhumb,1.4,Cheese Cloth No 60,2
725,Gabvine,Plaisir,1.6,Beef - Shank,43
726,Edgetag,Dawa-Dawa,3.4,Bread - Crusty Italian Poly,94
727,Realmix,Oemanu,2.6,Bread - Malt,28
728,Skinte,Baitian,3.8,Star Fruit,61
729,Eidel,Härnösand,4.4,Worcestershire Sauce,69
730,Skyvu,Napier,1.5,Baking Soda,36
731,Minyx,Sibulan,1.0,Filter - Coffee,55
732,Janyx,Beranci,2.7,"Cheese - Brie, Cups 125g",65
733,Realfire,Dār Kulayb,3.7,Beer - True North Strong Ale,42
734,Zoozzy,Beipai,2.0,Croissants Thaw And Serve,31
735,Skidoo,Correntina,2.2,Cheese - Provolone,59
736,Dabtype,Lianhe,1.7,Beef - Sushi Flat Iron Steak,97
737,Topdrive,Langpas,2.3,"Sauce - Apple, Unsweetened",34
738,Bluejam,Nakhon Phanom,2.0,Spinach - Spinach Leaf,83
739,Twitterlist,Seattle,3.5,"Pasta - Cappellini, Dry",24
740,Jaxnation,Petrich,2.9,Sauce - Plum,27
741,Brainverse,Buenavista,3.1,Rabbit - Legs,5
742,Bubblemix,Paratinga,2.0,Red Currant Jelly,76
743,Flipbug,Runaway Bay,1.4,Dc Hikiage Hira Huba,77
744,Mybuzz,La Aurora,0.3,Macaroons - Two Bite Choc,24
745,Oba,Patrang,1.7,"Bread - White, Sliced",26
746,Tagpad,Dongqianhu,4.2,Shrimp - 31/40,32
747,Babblestorm,Sam Ngam,2.7,"Lemonade - Mandarin, 591 Ml",41
748,Riffwire,Efkarpía,1.8,Leeks - Large,13
749,Realcube,Pā’īn-e Bāzār-e Rūdbār,3.7,Cardamon Seed / Pod,8
750,InnoZ,Huangshui,1.2,Chicken - Wieners,74
751,Yodel,Nampula,3.6,"Chocolate - Pistoles, Lactee, Milk",86
752,Topiczoom,Aucallama,3.3,Filling - Mince Meat,18
753,Yozio,Benito Juarez,4.4,Skirt - 24 Foot,13
754,Meevee,Brasília de Minas,2.5,Garbage Bag - Clear,53
755,Realpoint,Negotin,2.0,Pate - Cognac,3
756,Eimbee,General Luna,5.0,Milkettes - 2%,50
757,Quimm,Cagwait,4.7,Tea - Camomele,90
758,Quatz,Maddela,1.0,Chinese Foods - Thick Noodles,73
759,Kwimbee,Opočno,1.9,"Coffee - Beans, Whole",79
760,Fanoodle,Frederico Westphalen,0.3,Squid - U 5,70
761,Jaloo,Sindangkopo,1.7,Dc - Frozen Momji,40
762,Skyndu,Dundee,2.5,Carbonated Water - Lemon Lime,31
763,Aibox,Srono,0.2,Skewers - Bamboo,16
764,Buzzbean,Domoni,5.0,Red Cod Fillets - 225g,70
765,Yotz,Dongshi,0.4,Potatoes - Idaho 80 Count,39
766,Mydo,Meiyuan,1.8,"Tomatoes - Vine Ripe, Yellow",87
767,Topiczoom,Tangkil,1.5,Wine - Fume Blanc Fetzer,26
768,Dynava,Igarapé Açu,4.8,Pail With Metal Handle 16l White,8
769,Jabbertype,Pueblo Nuevo,1.1,Cookie Chocolate Chip With,95
770,Babbleset,Stýpsi,2.9,Spinach - Spinach Leaf,73
771,Gabcube,Jiuxian,0.0,"Shrimp, Dried, Small / Lb",62
772,Twitterworks,Promyshlennaya,1.7,Food Colouring - Pink,97
773,Plambee,Qutun,4.0,Wine - Cava Aria Estate Brut,8
774,Innojam,Cloyne,3.5,"Beef - Baby, Liver",15
775,Skipfire,Cela,3.4,"Flour - Corn, Fine",68
776,Oloo,Zhouhe,2.4,Gelatine Leaves - Envelopes,48
777,Mydeo,Rueil-Malmaison,3.1,Compound - Raspberry,36
778,Zoonoodle,Prado,2.0,Horseradish - Prepared,71
779,Devpoint,Rio,0.5,Wine - Cotes Du Rhone Parallele,89
780,Fadeo,Pedinó,4.5,Appetizer - Tarragon Chicken,100
781,Dabfeed,Tōkamachi,1.7,Tea - Decaf 1 Cup,12
782,Feedspan,Vashkivtsi,4.1,"Lentils - Red, Dry",22
783,Wikido,Siverskiy,2.6,Sour Cream,82
784,Bubbletube,Palhoça,3.1,"Pork - Chop, Frenched",27
785,Flipbug,Keswick,4.8,Bread - Raisin Walnut Pull,91
786,Bubbletube,Luoxiong,0.3,"Soup - Canadian Pea, Dry Mix",61
787,Tazz,Cartagena,3.2,Syrup - Monin - Blue Curacao,32
788,Oyoyo,Panyarang,2.2,Mustard - Individual Pkg,73
789,Gigazoom,Hucheng,3.3,Beer - Tetleys,53
790,Quatz,Kvitok,3.5,Lid Tray - 16in Dome,91
791,Leenti,Shitun,1.2,Muffin - Banana Nut Individual,49
792,Camimbo,Cimrutu,2.5,"Tart Shells - Barquettes, Savory",82
793,Oyope,Almeria,3.5,Initation Crab Meat,47
794,Digitube,Nishiwaki,0.8,"Salmon - Smoked, Sliced",97
795,Leenti,Hudong,0.7,Cucumber - English,11
796,Zoovu,Colinas,0.9,Potatoes - Fingerling 4 Oz,3
797,Voolith,Pale,3.2,Glass - Juice Clear 5oz 55005,97
798,Gigaclub,Luokou,4.0,Cheese - Brick With Pepper,30
799,Talane,Cidahu,0.8,Beef - Sushi Flat Iron Steak,76
800,Skivee,Ruihong,3.4,"Soup - Knorr, Chicken Noodle",5
801,Gigazoom,Albina,0.8,"Placemat - Scallop, White",84
802,Zooxo,Maanas,4.6,Icecream Bar - Del Monte,67
803,Skimia,Gelsenkirchen,0.7,Fond - Chocolate,43
804,Linkbuzz,Yedun,4.3,"Flour - Bran, Red",64
805,Gigazoom,Fengxi,0.9,"Quail - Eggs, Fresh",58
806,Jaxspan,Sarany,4.4,Wine - Zinfandel California 2002,88
807,Cogilith,Shuishi,4.0,Rye Special Old,80
808,Trilith,Belfort,1.2,Snapple - Iced Tea Peach,12
809,Livetube,Melioratyvne,0.9,Egg - Salad Premix,3
810,Dynava,Paris 17,4.2,Soup - Campbells Bean Medley,30
811,Katz,Dukuhpicung,4.3,Salmon - Canned,87
812,Oyoloo,Bhamo,4.6,Daves Island Stinger,20
813,Shuffledrive,Jiangya,4.7,Cheese - Sheep Milk,35
814,Realbridge,Queimados,2.1,Raspberries - Frozen,72
815,Aibox,Alvaro Obregon,3.9,Sauce - Oyster,28
816,Jaxnation,High Point,1.1,"Turkey - Breast, Double",0
817,Devify,Al ‘Awjah,4.6,Beef Tenderloin Aaa,67
818,Youopia,Ekerö,1.1,Fond - Chocolate,47
819,Jabberstorm,Pasirmanggu,1.6,Muffin - Mix - Bran And Maple 15l,66
820,Bluezoom,Zengjia,4.3,Scampi Tail,39
821,Skinix,Omišalj,3.9,Soup Campbells Beef With Veg,82
822,Feedfire,Hong Kong,4.7,Mussels - Frozen,85
823,Avavee,Miramichi,4.3,Energy - Boo - Koo,69
824,Youspan,Doña Remedios Trinidad,2.0,Pork - Belly Fresh,76
825,Divavu,Is,3.6,Pepper - Cayenne,87
826,Buzzster,Milwaukee,4.8,Muffin Mix - Lemon Cranberry,52
827,Yombu,Gon’ba,2.2,"Beer - Alexander Kieths, Pale Ale",48
828,Lajo,Lamego,3.2,Table Cloth 53x69 White,8
829,Edgeify,Unity,2.0,Bagelers - Cinn / Brown,87
830,Pixope,Donghe,2.1,Lemon Grass,50
831,Bluezoom,Saskatoon,4.0,Cheese - Swiss,65
832,Photobug,Kaduheuleut,0.2,Sole - Iqf,86
833,Pixonyx,Petersfield,2.4,Hog / Sausage Casing - Pork,99
834,Gabspot,Anthoúsa,0.5,Ice Cream - Fudge Bars,40
835,Wordify,Cabanilla,0.4,Extract - Lemon,2
836,Meeveo,Ar Rawḑah,0.1,Oil - Sesame,77
837,Roomm,Sabugueiro,4.7,Wine - Rubyport,18
838,Viva,La Maná,3.3,Sugar - Invert,83
839,Wikivu,Watunggong,0.2,Mace,18
840,Meemm,Dalupirip,4.1,Pur Value,1
841,Dabvine,Tucupita,4.4,Food Colouring - Red,32
842,Zoomlounge,Thị Trấn Tam Sơn,1.0,Cheese - Brie,85
843,Flipopia,Suan Luang,2.0,Beef - Top Butt,42
844,Blogtag,Trzciana,1.7,Taro Leaves,2
845,Realblab,Cimitarra,4.9,"Sauce - White, Mix",68
846,Avamba,Karakulino,0.0,Chocolate - White,59
847,Wordify,Cibitung,4.6,"Oil - Shortening,liqud, Fry",13
848,Jayo,Dok Kham Tai,2.1,Beer - Sleemans Honey Brown,97
849,Topicware,Banraeaba Village,2.6,Mix - Cocktail Ice Cream,61
850,Avamba,Salamá,2.2,"Wine - Red, Pelee Island Merlot",87
851,Quimm,Koktal,5.0,Sprouts Dikon,16
852,Mynte,Houzhen,0.2,Longos - Penne With Pesto,42
853,Aivee,Mao,4.7,Juice - Apple Cider,31
854,Browseblab,Songmuping,2.3,Bar Nature Valley,13
855,Jabberstorm,Banī Zayd,0.7,"Soup - Cream Of Broccoli, Dry",31
856,Tanoodle,Moutfort,4.3,Sauce - Hollandaise,44
857,Quimba,Shimanovsk,3.4,Longos - Greek Salad,5
858,Yambee,Nanyue,3.3,Sugar - Icing,93
859,Fivechat,Helsingborg,2.6,Relish,4
860,Bubblebox,Isfahan,3.9,Carbonated Water - White Grape,96
861,Linkbuzz,Yanghe,4.1,Beer - Sleeman Fine Porter,87
862,Oba,Dasongshu,3.0,Pork - Suckling Pig,34
863,Skaboo,Sucun,2.7,Cheese - Wine,8
864,Skaboo,Korczew,1.3,Vodka - Smirnoff,16
865,Vinte,Ryki,3.1,Muffin - Bran Ind Wrpd,91
866,Thoughtstorm,Chongwen,1.1,"Coconut - Shredded, Sweet",54
867,Twimm,Nikol’sk,1.7,Peas Snow,15
868,Jatri,Huangtugang,4.9,"Chicken - Base, Ultimate",69
869,Youtags,Fyllingsdalen,3.4,Coffee - Cafe Moreno,87
870,Wordtune,Porvenir,1.3,Wine - Prosecco Valdobienne,44
871,Tagcat,Seto,3.5,Bar Mix - Lemon,28
872,Feedbug,Delft,0.2,Soup - Campbells Beef Noodle,48
873,Plajo,Białaczów,3.7,"Mushroom - Enoki, Fresh",29
874,Devshare,Cañasgordas,2.5,Wine - Gato Negro Cabernet,17
875,Feedmix,Hostomice,0.3,Milk - Homo,36
876,Oyope,Béziers,3.0,Bagel - Plain,40
877,Kwilith,Wąbrzeźno,2.5,Chives - Fresh,67
878,Eazzy,Tando Muhammad Khān,2.8,Rabbit - Frozen,27
879,Lazzy,Kebonjaya,2.9,Bay Leaf Ground,36
880,Zoomdog,Yazykovo,4.6,Vinegar - Balsamic,17
881,Meeveo,Batarasa,1.6,Kolrabi,61
882,Yombu,Lewobelek,0.6,Flower - Carnations,76
883,Rooxo,Kumla,4.7,Grenadine,42
884,Mynte,Lianokládhion,3.9,"Ranchero - Primerba, Paste",68
885,Voonix,Mandalasari,2.3,Calypso - Lemonade,7
886,Blogtag,Caetité,0.3,"Soup - Knorr, Classic Can. Chili",8
887,Cogibox,Aravissós,0.2,Wooden Mop Handle,57
888,Brainsphere,Ignalina,0.3,Cattail Hearts,43
889,Chatterbridge,Pavlovka,4.3,Cookie - Oatmeal,98
890,Browsetype,Abricots,2.3,Banana,27
891,Fivebridge,Mostek,4.5,Pork - Smoked Kassler,61
892,Npath,Temuji,0.5,Veal - Knuckle,52
893,Avaveo,Tebon,5.0,Bagel - Everything Presliced,36
894,Ntags,Guabito,0.4,"Cheese - Woolwich Goat, Log",64
895,Meemm,Nizhnyaya Tura,1.0,Bagel - Ched Chs Presliced,16
896,Rhynyx,Bezlyudivka,3.3,Pastry - Plain Baked Croissant,70
897,Vitz,Sydney,3.8,Cheese - Goat With Herbs,23
898,Skivee,San Luis Ixcán,0.9,Chinese Foods - Pepper Beef,80
899,Linktype,San José de La Montaña,1.8,"Wine - White, Schroder And Schyl",43
900,Miboo,Miaoya,3.1,Vodka - Smirnoff,99
901,Dabfeed,Selebi-Phikwe,1.2,Buttons,79
902,Lazzy,Uritsk,4.0,Baking Soda,20
903,Yakitri,Camiling,1.2,Kippers - Smoked,54
904,Flipbug,Pataruman,3.3,"Beans - Kidney, Canned",51
905,Kwideo,Rožaje,2.1,Peach - Halves,99
906,Muxo,Timoulilt,2.3,Frangelico,97
907,Youfeed,Hāfizābād,4.5,Beans - Fava Fresh,80
908,Edgewire,Macon,4.6,Butter - Pod,47
909,Twitterlist,Amarillo,3.0,Nantucket - 518ml,35
910,Rhyloo,Yaojiaji,2.9,Salami - Genova,72
911,Einti,Yantan,4.4,Beer - True North Lager,39
912,Dynazzy,Zarechnyy,1.3,"Tomatoes - Cherry, Yellow",51
913,Thoughtsphere,Thị Trấn Việt Lâm,3.4,Table Cloth 53x69 White,92
914,Blogtag,Reston,3.2,Foam Espresso Cup Plain White,80
915,Rhynoodle,Lipljan,4.8,Syrup - Monin - Granny Smith,1
916,Browseblab,Sidayu,1.0,Chocolate Bar - Reese Pieces,63
917,Feedfire,Wilmington,2.9,Wine - Toasted Head,63
918,Kwideo,Priyutovo,2.8,Evaporated Milk - Skim,71
919,Livetube,Batutua,3.8,Lettuce Romaine Chopped,56
920,Thoughtstorm,Famagusta,1.8,"Bread - Sticks, Thin, Plain",40
921,Teklist,Guanbuqiao,0.4,Cheese - Gouda,100
922,Bluezoom,Huibu,4.7,Aspic - Clear,99
923,Kwimbee,Borāzjān,4.8,Pork - European Side Bacon,56
924,Riffwire,Philadelphia,4.3,Iced Tea Concentrate,97
925,Eare,Benito Juarez,3.4,Beets - Mini Golden,84
926,Fivebridge,Granja,1.8,Clam Nectar,6
927,Skimia,Olinda,2.1,Cheese - Mozzarella,21
928,Agimba,Turkestan,0.4,Broom - Push,32
929,Meezzy,Banjar Batuaji Kaja,2.8,Currants,86
930,Browsecat,Rungis,4.9,Bread - Rye,82
931,Meeveo,Jingyang,2.8,"Salt - Rock, Course",16
932,Gabspot,Xiangdian,4.3,Table Cloth 62x114 White,30
933,Flashpoint,Liozon,3.9,"Pasta - Lasagne, Fresh",79
934,Vitz,Adelaide Mail Centre,4.4,Currants,100
935,Browsezoom,Dū Laīnah,1.5,Bread - Bistro White,45
936,Jaxnation,Kumanovo,3.7,Cumin - Whole,50
937,Blogtags,Pirallahı,1.5,"Lid - 10,12,16 Oz",54
938,Meetz,Karangampel,4.5,"Beans - Black Bean, Canned",40
939,Browsecat,Canoinhas,3.9,Kiwi,20
940,Rooxo,Lucheng,2.2,Cakes Assorted,51
941,Photolist,Māwiyah,2.2,"Rice Pilaf, Dry,package",97
942,Flipstorm,Kamalasai,3.4,Soup - Campbells Pasta Fagioli,7
943,Tagfeed,Askaniya Nova,0.1,Mcguinness - Blue Curacao,46
944,Tagpad,Buayan,3.9,Veal - Bones,35
945,Dabshots,Postřelmov,1.6,"Turkey - Breast, Boneless Sk On",67
946,Livetube,Wutumeiren,1.8,Cheese - Brie Roitelet,36
947,Mudo,Drásov,0.3,Capers - Ox Eye Daisy,2
948,Skimia,San Jose,3.4,Island Oasis - Raspberry,7
949,Twiyo,Sarov,2.1,Soup - Campbells Mac N Cheese,78
950,Meejo,Ridderkerk,2.6,Bread - Dark Rye,48
951,Topicware,Līgatne,2.8,Rappini - Andy Boy,93
952,Brightdog,Shums’k,0.9,Rice Wine - Aji Mirin,35
953,Babbleopia,New Orleans,0.4,Ecolab - Medallion,8
954,Katz,Ludishan,0.3,Sping Loaded Cup Dispenser,26
955,Nlounge,Talas,4.3,Iced Tea Concentrate,5
956,Trunyx,Xinle,2.3,Black Currants,8
957,Eayo,Bandar-e Māhshahr,0.7,"Coconut - Shredded, Sweet",17
958,Twimm,Amnat Charoen,0.1,Orange Roughy 4/6 Oz,93
959,Browsedrive,Yaizu,0.1,Marzipan 50/50,56
960,Riffwire,Xinxing,2.0,"Vinegar - Balsamic, White",57
961,Gigaclub,Satuek,3.0,Cheese - Marble,76
962,Voolith,MacArthur,4.0,Tomato - Green,42
963,Meetz,Fenghuang,1.0,"Syrup - Monin, Irish Cream",7
964,Tagopia,Dabai,2.9,Pork - Smoked Kassler,60
965,Trunyx,Dushanbe,5.0,Lettuce - Red Leaf,58
966,Zava,Bhadrapur,0.6,Sprouts Dikon,64
967,Pixope,Fengli,4.1,"Oil - Food, Lacquer Spray",41
968,Shuffletag,Bandeirantes,2.2,Jolt Cola - Red Eye,11
969,Oyondu,Domašinec,0.8,"Soup - Campbells, Creamy",80
970,Thoughtworks,Šentrupert,1.4,Corn Kernels - Frozen,42
971,Rhyloo,Na Yong,4.1,Milk - Condensed,63
972,Oyondu,Nong Phok,0.9,Beef - Flank Steak,75
973,Wordpedia,Galižana,0.6,"Fish - Artic Char, Cold Smoked",94
974,Dabtype,Ílion,1.2,Soup - Campbells Beef Noodle,76
975,Twitterbridge,Ngancar,0.5,Sobe - Green Tea,89
976,Rhyzio,Imbituva,1.6,Cheese - Comte,22
977,Voolia,Santiago,0.6,"Shrimp - Baby, Cold Water",63
978,Trunyx,Buchach,3.4,Garlic Powder,34
979,Realcube,Fovissste,2.5,"Pork - Sausage, Medium",11
980,Linktype,Zarichne,2.2,Cookie - Oatmeal,88
981,Jaxworks,Mpigi,3.7,Sunflower Seed Raw,67
982,Eare,Shuitian,2.0,"Wine - Red, Colio Cabernet",97
983,Oyoyo,Kálamos,1.3,Aspic - Clear,68
984,Twitternation,Fažana,1.0,"Fish - Scallops, Cold Smoked",75
985,Meeveo,Libas,2.0,Wine - Valpolicella Masi,55
986,Katz,Pereslavl’-Zalesskiy,0.5,Wine - Prem Select Charddonany,2
987,Youspan,Sukmoilang,0.5,Melon - Honey Dew,21
988,Dabshots,Kuching,3.4,Juice - Ocean Spray Kiwi,7
989,Realbridge,Yanliang,4.7,Beer - Sleeman Fine Porter,50
990,Realmix,Druzhba,0.7,Coffee - Espresso,76
991,Brainbox,Stockholm,2.0,"Turkey - Breast, Smoked",65
992,Skalith,Lomme,3.7,Kahlua,43
993,Wordify,Bagong Sikat,1.4,Ezy Change Mophandle,56
994,Eire,Zongluzui,4.7,Sprouts - Bean,38
995,Kwimbee,Babice,2.0,"Soup - Campbells, Butternut",66
996,Shuffledrive,Medianeira,3.5,"Veal - Insides, Grains",66
997,Cogibox,Villa del Carmen,3.2,Wasabi Paste,32
998,Browsezoom,Prachatice,0.6,Rice - 7 Grain Blend,63
999,Roombo,Jakobstad,2.5,Lobster - Tail 6 Oz,60
1000,Feedfire,Prochowice,2.5,Lettuce - Treviso,43
